Player,Team,Pos,Age,G,AB,R,H,2B,3B,HR,RBI,SB,CS,BB,SO,SH,SF,HBP,AVG,OBP,SLG,OPS
Trea Turner,WAS,SS,27,162,664,103,180,27,6,19,73,43,9,69,132,2,0,5,.271,.344,.416,.760
Francisco Lindor,CLE,SS,27,158,661,129,183,42,2,38,92,25,10,70,107,3,3,8,.277,.352,.519,.871
Ozzie Albies,ATL,2B,23,158,639,105,167,40,5,24,72,14,3,36,116,1,3,5,.261,.305,.452,.757
Jose Peraza,CIN,2B,26,157,632,85,182,31,4,14,58,23,6,29,75,8,5,9,.288,.326,.416,.742
Marcus Semien,OAK,SS,30,159,632,89,161,35,2,15,70,14,6,61,131,2,7,1,.255,.318,.388,.706
Whit Merrifield,KC,2B,31,158,632,88,192,43,3,12,60,45,10,61,114,2,6,6,.304,.367,.438,.805
Charlie Blackmon,COL,OF,34,156,626,119,182,31,7,29,70,12,4,59,134,1,2,8,.291,.358,.502,.860
Nick Markakis,ATL,OF,37,162,623,78,185,43,2,14,93,1,1,72,80,0,9,1,.297,.366,.440,.806
Nick Castellanos,DET,OF,28,157,620,88,185,46,5,23,89,2,1,49,151,0,3,6,.298,.354,.500,.854
Freddie Freeman,ATL,1B,31,162,618,94,191,44,4,23,98,10,3,76,132,0,6,7,.309,.388,.505,.893
Giancarlo Stanton,NYY,DH,31,158,617,102,164,34,1,38,100,5,0,70,211,0,10,8,.266,.343,.509,.852
Eric Hosmer,SD,1B,31,157,613,72,155,31,2,18,69,7,4,62,142,0,1,1,.253,.322,.398,.720
Javier Baez,CHC,SS,28,160,606,101,176,40,9,34,111,21,9,29,167,1,4,5,.290,.326,.554,.880
Cesar Hernandez,PHI,2B,30,161,605,91,153,15,3,15,60,19,6,95,155,1,3,4,.253,.356,.362,.718
Freddy Galvis,SD,2B,31,162,602,62,149,31,5,13,67,8,6,45,147,1,6,2,.248,.299,.380,.679
Yolmer Sanchez,CWS,2B,28,155,600,62,145,34,10,8,55,14,6,49,138,2,3,8,.242,.306,.372,.678
Trevor Story,COL,SS,28,157,598,88,174,42,6,37,108,27,6,47,168,0,4,7,.291,.348,.567,.915
Ender Inciarte,ATL,OF,30,156,597,83,158,27,6,10,61,28,14,49,86,4,4,6,.265,.325,.380,.705
Mitch Haniger,SEA,OF,29,157,596,90,170,38,4,26,93,8,2,70,148,0,7,10,.285,.366,.493,.859
Jed Lowrie,OAK,2B,36,157,596,78,159,37,1,23,99,0,0,78,128,0,3,3,.267,.353,.448,.801
Alex Bregman,HOU,3B,26,157,594,105,170,51,1,31,103,10,4,96,85,0,3,12,.286,.394,.532,.926
Starlin Castro,MIA,2B,30,154,593,76,165,32,2,12,54,6,4,48,124,0,6,0,.278,.329,.400,.729
Paul Goldschmidt,ARI,1B,33,158,593,95,172,35,5,33,83,7,4,90,173,0,0,6,.290,.389,.533,.922
Brian Anderson,MIA,3B,27,156,590,87,161,34,4,11,65,2,4,62,129,0,2,16,.273,.357,.400,.757
Nolan Arenado,COL,3B,29,156,590,104,175,38,2,38,110,2,2,73,122,1,6,3,.297,.374,.561,.935
Jean Segura,SEA,2B,30,144,586,91,178,29,3,10,63,20,11,32,69,4,6,4,.304,.341,.415,.756
Scooter Gennett,CIN,2B,30,154,584,86,181,30,3,23,92,4,2,42,125,3,5,4,.310,.357,.490,.847
Kyle Seager,SEA,3B,33,155,583,62,129,36,1,22,78,2,2,38,138,0,4,5,.221,.273,.400,.673
Marcell Ozuna,STL,OF,30,148,582,69,163,16,2,23,88,3,0,38,110,0,4,3,.280,.325,.433,.758
Trey Mancini,BAL,1B,28,156,582,69,141,23,3,24,58,0,1,44,153,0,5,5,.242,.299,.416,.715
Matt Olson,OAK,1B,26,162,580,85,143,33,0,29,84,2,1,70,163,0,2,8,.247,.335,.453,.788
Adam Jones,BAL,OF,35,145,580,54,163,35,0,15,63,7,1,24,93,0,4,5,.281,.313,.419,.732
Andrew Benintendi,BOS,OF,26,148,579,103,168,41,6,16,87,21,3,71,106,2,7,2,.290,.366,.465,.831
Yoan Moncada,CWS,3B,25,149,578,73,136,32,6,17,61,12,6,67,217,2,2,1,.235,.315,.400,.715
Jose Ramirez,CLE,3B,28,157,578,110,156,38,4,39,105,34,6,106,80,0,6,8,.270,.387,.552,.939
Khris Davis,OAK,DH,32,151,576,98,142,28,1,48,123,0,0,59,175,0,7,12,.247,.326,.549,.875
Christian Yelich,MIL,OF,29,147,574,118,187,34,7,36,110,22,4,68,135,0,2,7,.326,.402,.598,1.000
Miguel Andujar,NYY,OF,25,149,573,83,170,47,2,27,92,2,1,25,97,0,4,4,.297,.328,.527,.855
Michael Brantley,CLE,OF,33,143,570,89,176,36,2,17,76,12,3,48,60,1,6,5,.309,.364,.468,.832
J.D. Martinez,BOS,DH,33,150,569,111,188,37,2,43,130,6,1,69,146,0,7,4,.330,.402,.629,1.031
Tim Anderson,CWS,SS,27,153,567,77,136,28,3,20,64,26,8,30,149,2,3,4,.240,.281,.406,.687
Anthony Rizzo,CHC,1B,31,153,566,74,160,29,1,25,101,6,4,70,80,0,9,20,.283,.376,.470,.846
Matt Carpenter,STL,3B,35,156,564,111,145,42,0,36,81,4,1,102,158,0,4,6,.257,.374,.523,.897
David Peralta,ARI,OF,33,146,560,75,164,25,5,30,87,4,0,48,124,0,2,4,.293,.352,.516,.868
Carlos Santana,PHI,1B,34,161,560,82,128,28,2,24,86,2,1,110,93,0,8,1,.229,.352,.414,.766
Shin-Soo Choo,TEX,OF,38,146,560,83,148,30,1,21,62,6,1,92,156,1,2,10,.264,.377,.434,.811
Eddie Rosario,MIN,OF,29,138,559,87,161,31,2,24,77,8,2,30,104,1,2,0,.288,.323,.479,.802
Starling Marte,PIT,OF,32,145,559,81,155,32,5,20,72,33,14,35,109,1,3,8,.277,.327,.460,.787
Rhys Hoskins,PHI,1B,27,153,558,89,137,38,0,34,96,5,3,87,150,0,5,9,.246,.354,.496,.850
Cody Bellinger,LAD,1B,25,162,557,84,145,28,7,25,76,14,1,69,151,0,3,3,.260,.343,.470,.813
Dee Strange-Gordon,SEA,2B,32,141,556,62,149,17,8,4,36,30,12,9,80,9,5,9,.268,.288,.349,.637
Ian Desmond,COL,OF,35,160,555,82,131,21,8,22,88,20,6,53,146,1,4,6,.236,.307,.422,.729
Andrelton Simmons,LAA,SS,31,146,554,68,162,26,5,11,75,10,2,35,44,1,5,5,.292,.337,.417,.754
Amed Rosario,NYM,SS,25,154,554,76,142,26,8,9,51,24,11,29,119,3,3,3,.256,.295,.381,.676
Odubel Herrera,PHI,OF,28,148,550,64,140,19,3,22,71,5,2,38,122,1,1,7,.255,.310,.420,.730
Bryce Harper,WAS,OF,28,159,550,103,137,34,0,34,100,13,3,130,169,0,9,6,.249,.393,.496,.889
Matt Chapman,OAK,3B,27,145,547,100,152,42,6,24,68,1,2,58,146,0,2,9,.278,.356,.508,.864
Stephen Piscotty,OAK,OF,29,151,546,78,146,41,0,27,88,2,0,42,114,0,5,12,.267,.331,.491,.822
George Springer,HOU,OF,31,140,544,102,144,26,0,22,71,6,4,64,122,0,3,5,.265,.346,.434,.780
Michael Conforto,NYM,OF,27,153,543,78,132,25,1,28,82,3,4,84,159,0,4,7,.243,.350,.448,.798
Jeimer Candelario,DET,1B,27,144,539,78,121,28,3,19,54,3,2,66,160,0,5,9,.224,.317,.393,.710
Lorenzo Cain,MIL,OF,34,141,539,90,166,25,2,10,38,30,7,71,94,0,2,8,.308,.395,.417,.812
Yuli Gurriel,HOU,1B,36,136,537,70,156,33,1,13,85,5,1,23,63,0,7,6,.291,.323,.428,.751
Chris Taylor,LAD,2B,30,155,536,85,136,35,8,17,63,9,6,55,178,0,4,9,.254,.331,.444,.775
Jose Altuve,HOU,2B,30,137,534,84,169,29,2,13,61,17,4,55,79,3,1,6,.316,.386,.451,.837
Jose Martinez,STL,DH,32,152,534,64,163,30,0,17,83,0,3,49,104,2,3,2,.305,.364,.457,.821
Justin Upton,LAA,OF,33,145,533,80,137,18,1,30,85,8,2,64,176,0,6,10,.257,.344,.463,.807
DJ LeMahieu,COL,2B,32,128,533,90,147,32,2,15,62,6,5,37,82,2,7,2,.276,.321,.428,.749
Max Kepler,MIN,OF,27,156,532,80,119,30,4,20,58,4,5,71,96,0,3,5,.224,.319,.408,.727
Brandon Crawford,SF,SS,33,151,531,63,135,28,2,14,54,4,5,50,122,0,5,8,.254,.325,.394,.719
Jason Kipnis,CLE,2B,33,147,530,65,122,28,1,18,75,7,1,60,112,1,3,7,.230,.315,.389,.704
Brett Gardner,NYY,OF,37,140,530,95,125,20,7,12,45,16,2,65,107,4,5,5,.236,.322,.368,.690
Anthony Rendon,WAS,3B,30,136,529,88,163,44,2,24,92,2,1,55,82,0,8,5,.308,.374,.535,.909
Eugenio Suarez,CIN,3B,29,143,527,79,149,22,2,34,104,1,1,64,142,0,6,9,.283,.366,.526,.892
Jurickson Profar,TEX,2B,27,146,524,82,133,35,6,20,77,10,0,54,88,0,4,12,.254,.335,.458,.793
Mookie Betts,BOS,OF,28,136,520,129,180,47,5,32,80,30,6,81,91,0,5,8,.346,.438,.640,1.078
Ketel Marte,ARI,2B,27,153,520,68,135,26,12,14,59,6,1,54,79,1,2,3,.260,.332,.437,.769
Nelson Cruz,SEA,DH,40,144,519,70,133,18,1,37,97,1,0,55,122,0,3,14,.256,.342,.509,.851
Yonder Alonso,CLE,1B,33,145,516,64,129,19,0,23,83,0,0,51,123,0,5,2,.250,.317,.421,.738
Nick Ahmed,ARI,SS,30,153,516,61,121,33,5,16,70,5,4,40,109,1,5,2,.234,.290,.411,.701
Xander Bogaerts,BOS,SS,28,136,513,72,148,45,3,23,103,8,2,55,102,0,6,6,.288,.360,.522,.882
Kevin Pillar,TOR,OF,31,142,512,65,129,40,2,15,59,14,3,18,98,0,6,6,.252,.282,.426,.708
Salvador Perez,KC,C,30,129,510,52,120,23,0,27,80,1,1,17,108,0,5,12,.235,.274,.439,.713
Alex Gordon,KC,OF,36,141,506,56,124,24,0,13,54,12,2,50,124,0,2,10,.245,.324,.370,.694
Justin Smoak,TOR,1B,34,147,505,67,122,34,0,25,77,0,1,83,156,0,3,3,.242,.350,.457,.807
Billy Hamilton,CIN,OF,30,153,504,74,119,16,9,4,29,34,10,46,132,1,4,1,.236,.299,.327,.626
Didi Gregorius,NYY,SS,30,134,504,89,135,23,5,27,86,10,6,48,69,1,9,7,.268,.335,.494,.829
Corey Dickerson,PIT,OF,31,135,504,65,151,35,7,13,55,8,3,21,80,0,4,4,.300,.330,.474,.804
Matt Duffy,TB,3B,29,132,503,59,148,22,1,4,44,12,6,47,93,1,2,7,.294,.361,.366,.727
Joey Votto,CIN,1B,37,145,503,67,143,28,2,12,67,2,0,108,101,0,3,9,.284,.417,.419,.836
Josh Bell,PIT,1B,28,148,501,74,131,31,4,12,62,2,5,77,104,0,5,0,.261,.357,.411,.768
C.J. Cron,TB,1B,30,140,501,68,127,28,1,30,74,1,2,37,145,0,5,17,.253,.323,.493,.816
Joey Gallo,TEX,OF,27,148,500,82,103,24,1,40,92,3,4,74,207,0,0,3,.206,.312,.498,.810
Edwin Encarnacion,CLE,DH,37,137,500,74,123,16,1,32,107,3,0,63,132,0,7,8,.246,.336,.474,.810
Derek Dietrich,MIA,DH,31,149,499,72,132,26,2,16,45,2,0,29,140,0,2,21,.265,.330,.421,.751
Jose Abreu,CWS,1B,33,128,499,68,132,36,1,22,78,2,0,37,109,0,6,11,.265,.325,.473,.798
Travis Shaw,MIL,3B,30,152,498,73,120,23,0,32,86,5,2,78,108,1,6,4,.241,.345,.480,.825
Ryon Healy,SEA,3B,28,133,493,51,116,15,0,24,73,0,0,27,113,0,2,2,.235,.277,.412,.689
Jesus Aguilar,MIL,1B,30,149,492,80,135,25,0,35,108,0,0,58,143,0,10,6,.274,.352,.539,.891
Kole Calhoun,LAA,OF,33,137,491,71,102,18,2,19,57,6,2,53,133,0,6,1,.208,.283,.369,.652
Marwin Gonzalez,HOU,2B,31,145,489,61,121,25,3,16,68,2,3,53,126,5,2,3,.247,.324,.409,.733
Nomar Mazara,TEX,OF,25,128,489,61,126,25,1,20,77,1,0,40,116,0,3,4,.258,.317,.436,.753
Miguel Rojas,MIA,SS,31,153,488,44,123,13,0,11,53,6,3,24,69,2,4,9,.252,.297,.346,.643
Joey Wendle,TB,2B,30,139,487,62,146,33,6,7,61,16,4,37,96,2,10,9,.300,.354,.435,.789
Joe Mauer,MIN,1B,37,127,486,64,137,27,1,6,48,0,1,51,86,1,3,2,.282,.351,.379,.730
Alcides Escobar,KC,SS,33,140,485,54,112,22,3,4,34,8,2,29,74,8,4,5,.231,.279,.313,.592
Andrew McCutchen,SF,OF,34,130,482,65,123,28,2,15,55,13,6,73,123,0,6,7,.255,.357,.415,.772
Evan Longoria,SF,3B,35,125,480,51,117,25,4,16,54,3,1,22,101,0,5,5,.244,.281,.413,.694
Eduardo Nunez,BOS,2B,33,127,480,56,127,23,3,10,44,7,2,16,69,1,3,2,.265,.289,.388,.677
Aaron Hicks,NYY,OF,31,137,480,90,119,18,3,27,79,11,2,90,111,2,6,3,.248,.366,.467,.833
Mallex Smith,TB,OF,27,141,480,65,142,27,10,2,40,40,12,47,98,7,2,8,.296,.367,.406,.773
Dansby Swanson,ATL,SS,26,136,478,51,114,25,4,14,59,10,4,44,122,6,3,2,.238,.304,.395,.699
Manuel Margot,SD,OF,26,141,477,50,117,26,8,8,51,11,10,32,88,1,7,2,.245,.292,.384,.676
J.T. Realmuto,MIA,C,29,125,477,74,132,30,3,21,74,3,2,38,104,0,4,10,.277,.340,.484,.824
Teoscar Hernandez,TOR,OF,28,134,476,67,114,29,7,22,57,5,5,41,163,0,3,3,.239,.302,.468,.770
Jackie Bradley,BOS,OF,30,144,474,76,111,33,4,13,59,17,1,46,137,0,4,11,.234,.314,.403,.717
Rougned Odor,TEX,2B,26,129,474,76,120,23,2,18,63,12,12,43,127,2,5,11,.253,.326,.424,.750
Willson Contreras,CHC,C,28,138,474,50,118,27,5,10,54,4,1,53,121,2,2,13,.249,.339,.390,.729
Mike Trout,LAA,OF,29,140,471,101,147,24,4,39,79,24,2,122,124,0,4,10,.312,.460,.628,1.088
Chris Davis,BAL,1B,34,128,470,40,79,12,0,16,49,2,0,41,192,0,4,7,.168,.243,.296,.539
Yangervis Solarte,TOR,2B,33,122,468,50,106,20,0,17,54,1,3,31,72,1,3,3,.226,.277,.378,.655
Victor Martinez,DET,DH,41,133,467,32,117,21,0,9,54,0,0,32,49,0,7,2,.251,.297,.353,.650
Albert Pujols,LAA,1B,40,117,465,50,114,20,0,19,64,1,0,28,65,0,3,2,.245,.289,.411,.700
Johan Camargo,ATL,2B,26,134,464,63,126,27,1,19,76,1,1,51,108,0,3,6,.272,.349,.457,.806
Carlos Gonzalez,COL,OF,35,132,463,71,128,32,4,16,64,5,2,37,113,0,3,1,.276,.329,.467,.796
Matt Kemp,LAD,DH,36,146,462,62,134,25,0,21,85,0,0,36,115,0,7,1,.290,.338,.481,.819
Gregory Polanco,PIT,OF,29,130,461,75,117,32,6,23,81,12,2,61,117,0,7,3,.254,.340,.499,.839
Tucker Barnhart,CIN,C,29,138,460,50,114,21,3,10,46,0,4,54,96,3,3,2,.248,.328,.372,.700
Yadier Molina,STL,C,38,123,459,55,120,20,0,20,74,4,3,29,66,0,6,9,.261,.314,.436,.750
Ben Zobrist,CHC,2B,39,139,455,67,139,28,3,9,58,3,4,55,60,1,7,2,.305,.378,.440,.818
Scott Kingery,PHI,2B,26,147,452,55,102,23,2,8,35,10,3,24,126,0,5,3,.226,.267,.338,.605
Rafael Devers,BOS,3B,24,121,450,59,108,24,0,21,66,5,2,38,121,0,2,0,.240,.298,.433,.731
Albert Almora,CHC,OF,26,152,444,62,127,24,1,5,41,1,3,24,83,2,6,3,.286,.323,.378,.701
Niko Goodrum,DET,2B,28,131,444,55,109,29,3,16,53,12,4,42,132,0,2,4,.245,.315,.432,.747
Jason Heyward,CHC,OF,31,127,440,67,119,23,4,8,57,1,1,42,60,2,2,2,.270,.335,.395,.730
Yasmani Grandal,LAD,C,32,140,440,65,106,23,2,24,68,2,1,72,124,0,3,3,.241,.349,.466,.815
Jose Pirela,SD,OF,31,146,438,54,109,23,2,5,32,6,3,30,89,0,2,3,.249,.300,.345,.645
Paul DeJong,STL,SS,27,115,436,68,105,25,1,19,68,1,1,36,123,0,5,12,.241,.313,.433,.746
Matt Davidson,CWS,DH,29,126,434,51,99,23,0,20,62,0,0,52,165,0,3,7,.228,.319,.419,.738
Josh Reddick,HOU,OF,33,134,433,63,105,13,2,17,47,7,2,49,77,1,2,0,.242,.318,.400,.718
Adrian Beltre,TEX,3B,41,119,433,49,118,23,1,15,65,1,0,34,96,0,8,6,.273,.328,.434,.762
Maikel Franco,PHI,3B,28,131,433,48,117,17,1,22,68,1,0,29,62,0,3,0,.270,.314,.467,.781
Brandon Nimmo,NYM,OF,27,140,433,77,114,28,8,17,47,9,6,80,140,0,0,22,.263,.404,.483,.887
Ronald Acuna,ATL,OF,22,111,433,78,127,26,4,26,64,16,5,45,123,0,3,6,.293,.366,.552,.918
Jose Iglesias,DET,SS,30,125,432,43,116,31,3,5,48,15,6,19,47,3,2,8,.269,.310,.389,.699
Gleyber Torres,NYY,SS,23,123,431,54,117,16,1,24,77,6,2,42,122,1,5,5,.271,.340,.480,.820
Adam Engel,CWS,OF,28,143,429,49,101,17,4,6,29,16,8,18,129,7,1,8,.235,.279,.336,.615
JaCoby Jones,DET,OF,28,129,429,54,89,22,6,11,34,13,5,24,142,1,2,11,.207,.266,.364,.630
Kyle Schwarber,CHC,OF,27,137,428,64,102,14,3,26,61,4,3,78,140,1,2,1,.238,.356,.467,.823
James McCann,DET,C,30,118,427,31,94,16,0,8,39,0,3,26,116,0,2,2,.220,.267,.314,.581
Randal Grichuk,TOR,OF,29,124,424,60,104,32,1,25,61,3,2,27,122,0,3,8,.245,.301,.502,.803
Aledmys Diaz,TOR,2B,30,130,422,55,111,26,0,18,55,3,4,23,62,0,4,3,.263,.303,.453,.756
Addison Russell,CHC,2B,26,130,420,52,105,21,1,5,38,4,0,40,99,1,2,2,.250,.317,.340,.657
Daniel Palka,CWS,OF,29,124,417,56,100,15,3,27,67,2,1,30,153,0,0,2,.240,.294,.484,.778
Colin Moran,PIT,1B,28,144,415,49,115,19,1,11,58,0,2,39,82,0,7,4,.277,.340,.407,.747
Jonathan Lucroy,OAK,C,34,126,415,41,100,21,1,4,51,0,0,29,65,1,6,3,.241,.291,.325,.616
Gorkys Hernandez,SF,OF,33,142,414,52,97,16,2,15,40,8,5,27,113,2,4,4,.234,.285,.391,.676
Juan Soto,WAS,OF,22,116,414,77,121,25,1,22,70,5,2,79,99,1,0,0,.292,.406,.517,.923
Kendrys Morales,TOR,1B,37,130,413,47,103,15,0,21,57,2,3,50,95,0,5,3,.249,.331,.438,.769
A.J. Pollock,ARI,OF,33,113,413,61,106,21,5,21,65,13,2,31,100,1,7,8,.257,.316,.484,.800
Aaron Judge,NYY,OF,28,112,413,77,115,22,0,27,67,6,3,76,152,0,5,4,.278,.392,.528,.920
Brian Dozier,MIN,2B,33,104,410,65,93,21,2,16,52,8,3,46,96,0,3,3,.227,.307,.405,.712
Todd Frazier,NYM,3B,34,115,408,54,87,18,0,18,59,9,4,48,112,0,8,8,.213,.303,.390,.693
Wilmer Difo,WAS,SS,28,148,408,55,94,14,7,7,42,10,3,39,82,3,4,2,.230,.298,.350,.648
Nick Williams,PHI,OF,27,140,407,53,104,12,3,17,50,3,2,32,111,0,0,9,.256,.324,.425,.749
Evan Gattis,HOU,DH,34,128,407,49,92,17,0,25,78,1,0,33,101,0,8,3,.226,.284,.452,.736
Yasiel Puig,LAD,OF,30,125,405,60,108,21,1,23,63,15,5,36,87,0,2,1,.267,.327,.494,.821
Ryan Braun,MIL,OF,37,125,405,59,103,25,1,20,64,11,5,34,85,0,3,2,.254,.313,.469,.782
Mitch Moreland,BOS,1B,35,124,404,57,99,23,4,15,68,2,0,50,102,0,5,0,.245,.325,.433,.758
Yan Gomes,CLE,C,33,112,403,52,107,26,0,16,48,0,0,21,119,0,3,8,.266,.313,.449,.762
Hunter Renfroe,SD,OF,28,117,403,53,100,23,1,26,68,2,1,30,109,0,5,3,.248,.302,.504,.806
Carlos Correa,HOU,SS,26,110,402,60,96,20,1,15,65,3,0,53,111,0,11,2,.239,.323,.405,.728
Enrique Hernandez,LAD,2B,29,145,402,67,103,17,3,21,52,3,0,50,78,4,5,1,.256,.336,.470,.806
Gerardo Parra,COL,OF,33,142,401,52,114,17,0,6,53,11,4,32,75,2,3,5,.284,.342,.372,.714
Brandon Belt,SF,1B,32,112,399,50,101,18,2,14,46,4,0,49,107,0,2,6,.253,.342,.414,.756
Buster Posey,SF,C,33,105,398,47,113,22,1,5,41,3,2,45,53,0,2,3,.284,.359,.382,.741
Robbie Grossman,MIN,OF,31,129,396,50,108,27,1,5,48,0,1,60,83,2,5,2,.273,.367,.384,.751
Joc Pederson,LAD,OF,28,148,395,65,98,27,3,25,56,1,5,40,85,1,3,4,.248,.321,.522,.843
Elvis Andrus,TEX,SS,32,97,395,53,101,20,3,6,33,5,3,28,66,0,2,3,.256,.308,.367,.675
Max Muncy,LAD,2B,30,137,395,75,104,17,2,35,79,3,0,79,131,0,2,5,.263,.391,.582,.973
Jordy Mercer,PIT,SS,34,117,394,43,99,29,2,6,39,2,0,32,87,1,3,6,.251,.315,.381,.696
Kris Bryant,CHC,3B,28,102,389,59,106,28,3,13,52,2,4,48,107,0,3,17,.272,.374,.460,.834
Ronald Guzman,TEX,1B,26,123,387,46,91,18,2,16,58,1,0,33,121,0,1,7,.235,.306,.416,.722
Ian Happ,CHC,OF,26,142,387,56,90,19,2,15,44,8,4,70,167,0,2,3,.233,.353,.408,.761
Wilmer Flores,NYM,2B,29,126,386,43,103,25,0,11,51,0,0,29,42,0,9,5,.267,.319,.417,.736
Lewis Brinson,MIA,OF,26,109,382,31,76,10,5,11,42,2,1,17,120,0,2,4,.199,.240,.338,.578
Scott Schebler,CIN,OF,30,107,380,55,97,19,0,17,49,4,2,39,99,0,2,9,.255,.337,.439,.776
Harrison Bader,STL,OF,26,138,379,61,100,20,2,12,37,15,3,31,125,2,4,11,.264,.334,.422,.756
Mike Moustakas,KC,2B,32,98,378,46,94,21,1,20,62,3,0,30,63,0,4,5,.249,.309,.468,.777
Asdrubal Cabrera,NYM,3B,35,98,375,48,104,23,1,18,58,0,0,29,81,0,2,1,.277,.329,.488,.817
Justin Bour,MIA,1B,32,112,374,43,85,10,1,19,54,1,0,69,111,0,3,1,.227,.347,.412,.759
Mike Zunino,SEA,C,29,113,373,37,75,18,0,20,44,0,0,24,150,0,2,6,.201,.259,.410,.669
Tim Beckham,BAL,SS,30,96,369,45,85,17,0,12,35,1,2,27,100,1,2,3,.230,.287,.374,.661
Eduardo Escobar,MIN,3B,31,97,368,45,101,37,3,15,63,1,3,34,91,0,3,3,.274,.338,.514,.852
Justin Turner,LAD,3B,36,103,365,62,114,31,1,14,52,2,1,47,54,0,2,12,.312,.406,.518,.924
Mark Canha,OAK,OF,31,122,365,60,91,22,0,17,52,1,2,34,88,0,2,10,.249,.328,.449,.777
Manny Machado,BAL,3B,28,96,365,48,115,21,1,24,65,8,1,45,51,0,3,0,.315,.387,.575,.962
Hunter Dozier,KC,1B,29,102,362,36,83,19,4,11,34,2,3,24,109,0,1,1,.229,.278,.395,.673
Robinson Chirinos,TEX,C,36,113,360,48,80,15,1,18,65,2,0,45,140,0,2,19,.222,.338,.419,.757
Carlos Gomez,TB,OF,35,118,360,42,75,15,2,9,32,12,3,25,103,2,0,21,.208,.298,.336,.634
Joe Panik,SF,2B,30,102,358,38,91,14,1,4,24,4,2,26,30,1,4,3,.254,.307,.332,.639
Devon Travis,TOR,2B,29,103,357,41,83,14,3,11,44,3,2,16,64,0,0,5,.232,.275,.381,.656
Avisail Garcia,CWS,OF,29,93,356,47,84,11,2,19,49,3,1,20,102,0,5,4,.236,.281,.438,.719
Isiah Kiner-Falefa,TEX,SS,25,111,356,43,93,18,2,4,34,7,5,28,62,5,1,6,.261,.325,.357,.682
Ian Kinsler,LAA,2B,38,91,355,49,85,20,0,13,32,9,4,30,40,0,2,4,.239,.304,.406,.710
Michael Taylor,WAS,OF,29,134,353,46,80,22,3,6,28,24,6,29,116,2,0,1,.227,.287,.357,.644
Kolten Wong,STL,2B,30,127,353,41,88,18,2,9,38,6,5,31,60,6,3,14,.249,.332,.388,.720
Christian Villanueva,SD,3B,29,110,351,42,83,15,0,20,46,3,0,23,104,0,1,9,.236,.299,.450,.749
Tommy Pham,STL,OF,32,98,351,67,87,11,0,14,41,10,6,42,97,0,1,2,.248,.331,.399,.730
Jedd Gyorko,STL,3B,32,125,351,49,92,19,1,11,47,2,0,44,77,0,4,3,.262,.346,.416,.762
Daniel Descalso,ARI,2B,34,138,349,54,83,22,4,13,57,0,1,64,110,0,7,2,.238,.353,.436,.789
Jonathan Schoop,BAL,2B,29,85,349,45,85,18,1,17,40,0,1,12,74,1,2,3,.244,.273,.447,.720
Orlando Arcia,MIL,SS,26,119,348,32,82,16,0,3,30,7,4,15,87,1,1,1,.236,.268,.307,.575
Travis Jankowski,SD,OF,29,117,347,45,90,12,3,4,17,24,7,37,73,2,0,1,.259,.332,.346,.678
Neil Walker,NYY,2B,35,113,347,48,76,12,1,11,46,0,0,42,87,0,4,5,.219,.309,.354,.663
Kurt Suzuki,ATL,C,37,105,347,45,94,24,0,12,50,0,0,22,43,0,6,13,.271,.332,.444,.776
Josh Harrison,PIT,2B,33,97,344,41,86,13,1,8,37,3,0,18,68,2,5,5,.250,.293,.363,.656
Jorge Alfaro,PHI,C,27,108,344,35,90,16,2,10,37,3,0,18,138,0,1,14,.262,.324,.407,.731
Ehire Adrianza,MIN,SS,31,114,335,42,84,23,1,6,39,5,1,24,82,4,2,1,.251,.301,.379,.680
Delino DeShields,TEX,OF,28,106,334,52,72,14,1,2,22,20,4,43,83,12,1,3,.216,.310,.281,.591
Francisco Cervelli,PIT,C,34,104,332,39,86,15,3,12,57,2,3,51,84,2,4,15,.259,.378,.431,.809
Kevin Kiermaier,TB,OF,30,88,332,44,72,12,9,7,29,10,5,25,91,2,2,6,.217,.282,.370,.652
Adam Duvall,CIN,OF,32,105,331,40,68,19,0,15,61,2,2,34,100,0,1,4,.205,.286,.399,.685
Mark Trumbo,BAL,DH,34,90,330,41,86,12,0,17,44,0,0,24,87,0,2,2,.261,.313,.452,.765
Shohei Ohtani,LAA,P,26,114,326,59,93,21,2,22,61,10,4,37,102,0,1,2,.285,.361,.564,.925
Jake Bauers,TB,1B,25,96,323,48,65,22,2,11,48,6,6,54,104,2,6,3,.201,.316,.384,.700
Gary Sanchez,NYY,C,28,89,323,51,60,17,0,18,53,1,0,46,94,0,2,3,.186,.291,.406,.697
Brock Holt,BOS,3B,32,109,321,41,89,18,2,7,46,7,7,37,73,0,2,7,.277,.362,.411,.773
Adam Eaton,WAS,OF,32,95,319,55,96,18,1,5,33,9,1,38,64,2,0,11,.301,.394,.411,.805
Jay Bruce,NYM,OF,33,94,319,31,71,18,1,9,37,2,3,41,75,0,1,0,.223,.310,.370,.680
Logan Morrison,MIN,1B,33,95,318,41,59,13,0,15,39,1,0,34,80,0,1,6,.186,.276,.368,.644
Adam Frazier,PIT,2B,28,113,318,52,88,23,2,10,35,1,3,29,53,1,1,3,.277,.342,.456,.798
Hernan Perez,MIL,2B,29,132,316,36,80,11,2,9,29,11,3,17,71,0,1,0,.253,.290,.386,.676
Wil Myers,SD,OF,29,83,312,39,79,25,1,11,39,13,1,30,94,0,1,0,.253,.318,.446,.764
Lucas Duda,KC,1B,34,87,310,34,75,12,1,13,48,1,0,24,95,0,3,8,.242,.310,.413,.723
Robinson Cano,SEA,2B,38,80,310,44,94,22,0,10,50,0,0,32,47,0,2,4,.303,.374,.471,.845
JT Riddle,MIA,3B,29,102,308,28,71,10,4,9,36,0,3,20,67,3,1,0,.231,.277,.377,.654
Manny Pina,MIL,C,33,98,306,39,77,13,2,9,28,2,0,21,62,1,4,5,.252,.307,.395,.702
Leonys Martin,DET,OF,32,78,303,45,76,15,3,9,29,7,3,29,75,0,1,3,.251,.321,.409,.730
Austin Hedges,SD,C,28,91,303,29,70,14,2,14,37,3,0,21,90,0,1,1,.231,.282,.429,.711
Mitch Garver,MIN,C,29,103,302,38,81,19,2,7,45,0,0,29,72,1,1,2,.268,.335,.414,.749
Jorge Polanco,MIN,SS,27,77,302,38,87,18,3,6,42,7,7,25,62,3,1,2,.288,.345,.427,.772
Curtis Granderson,TOR,OF,39,104,302,48,74,21,1,11,35,2,1,42,96,1,1,3,.245,.342,.430,.772
Chris Iannetta,COL,C,37,110,299,36,67,13,1,11,36,0,0,50,87,1,3,7,.224,.345,.385,.730
Chad Pinder,OAK,2B,28,110,298,43,77,12,1,13,27,0,2,27,88,2,0,6,.258,.332,.436,.768
Cory Spangenberg,SD,2B,29,116,298,35,70,9,4,7,25,6,1,25,108,4,0,2,.235,.298,.362,.660
Charlie Culberson,ATL,OF,31,113,296,47,80,18,2,12,45,4,2,21,85,0,1,4,.270,.326,.466,.792
Denard Span,SEA,OF,36,94,294,36,80,15,6,7,30,3,2,23,55,0,6,5,.272,.329,.435,.764
Alen Hanson,SF,2B,28,110,294,36,74,17,5,8,39,7,3,9,71,3,3,1,.252,.274,.425,.699
Yairo Munoz,STL,OF,25,108,293,39,81,16,0,8,42,5,6,30,71,0,2,4,.276,.350,.413,.763
Wilson Ramos,TB,C,33,78,293,30,87,14,0,14,53,0,0,22,61,0,0,0,.297,.346,.488,.834
Guillermo Heredia,SEA,OF,29,125,292,29,69,14,1,5,19,2,4,32,52,7,2,4,.236,.318,.342,.660
Russell Martin,TOR,C,37,90,289,37,56,8,0,10,25,0,3,56,82,0,0,7,.194,.338,.325,.663
Dexter Fowler,STL,OF,34,90,289,40,52,10,0,8,31,5,2,38,75,0,4,3,.180,.278,.298,.576
Jon Jay,ARI,OF,35,84,289,46,68,10,5,2,22,1,1,14,56,1,1,15,.235,.304,.325,.629
Ryan Zimmerman,WAS,1B,36,85,288,33,76,21,2,13,51,1,1,30,55,0,2,3,.264,.337,.486,.823
Willy Adames,TB,SS,25,85,288,43,80,7,0,10,34,6,5,31,95,1,2,1,.278,.348,.406,.754
John Hicks,DET,C,31,81,288,35,75,12,1,9,32,0,1,22,84,1,1,0,.260,.312,.403,.715
Nicky Delmonico,CWS,OF,28,88,284,31,61,11,5,8,25,1,2,27,80,0,1,6,.215,.296,.373,.669
David Fletcher,LAA,2B,26,1,284,35,78,18,2,1,25,3,0,15,34,3,2,3,.275,.316,.363,.679
Jake Cave,MIN,OF,28,91,283,54,75,16,2,13,45,2,1,18,102,2,3,3,.265,.313,.473,.786
Daniel Robertson,TB,2B,26,88,282,46,74,16,0,9,34,2,2,43,77,0,2,13,.262,.382,.415,.797
Nick Hundley,SF,C,37,96,282,34,68,13,2,10,31,2,1,22,85,0,0,1,.241,.298,.408,.706
Chris Owings,ARI,2B,29,106,281,34,58,15,0,4,22,11,4,24,75,0,2,2,.206,.272,.302,.574
Jesse Winker,CIN,OF,27,89,281,38,84,16,0,7,43,0,0,49,46,1,1,2,.299,.405,.431,.836
Omar Narvaez,CWS,C,28,97,280,30,77,14,1,9,30,0,2,38,65,2,0,2,.275,.366,.429,.795
Adalberto Mondesi,KC,SS,25,75,275,47,76,13,3,14,37,32,7,11,77,3,1,1,.276,.306,.498,.804
Greg Bird,NYY,1B,28,82,272,23,54,16,1,11,38,0,0,30,78,0,4,5,.199,.286,.386,.672
Manny Machado,LAD,3B,28,66,267,36,73,14,2,13,42,6,1,25,53,0,2,2,.273,.338,.487,.825
Miguel Sano,MIN,1B,27,71,266,32,53,14,0,13,41,0,0,31,115,0,2,0,.199,.281,.398,.679
Luis Valbuena,LAA,3B,35,96,266,23,53,9,0,9,33,3,0,19,100,0,2,1,.199,.253,.335,.588
Caleb Joseph,BAL,C,34,82,265,28,58,14,2,3,17,2,1,10,68,1,1,3,.219,.254,.321,.575
Rosell Herrera,KC,OF,28,75,265,25,63,14,3,1,20,3,4,19,52,1,2,2,.238,.292,.325,.617
Martin Maldonado,LAA,C,34,78,265,24,59,14,0,5,32,0,1,13,73,1,1,10,.223,.284,.332,.616
Sandy Leon,BOS,C,31,89,265,30,47,12,0,5,22,1,0,15,75,3,1,4,.177,.232,.279,.511
Greg Allen,CLE,OF,27,91,265,36,68,11,3,2,20,21,4,14,58,4,1,7,.257,.310,.343,.653
Franmil Reyes,SD,DH,25,87,261,36,73,9,0,16,31,0,0,24,80,0,0,0,.280,.340,.498,.838
Leury Garcia,CWS,SS,29,82,258,23,70,7,4,4,32,12,1,9,69,4,1,3,.271,.303,.376,.679
Ben Gamel,SEA,OF,28,101,257,37,70,14,4,1,19,7,3,31,61,0,1,4,.272,.358,.370,.728
Jonathan Villar,MIL,2B,29,87,257,26,67,10,1,6,22,14,2,19,80,0,1,2,.261,.315,.377,.692
Danny Valencia,BAL,3B,36,79,255,28,67,8,1,9,28,1,1,22,53,0,5,0,.263,.316,.408,.724
Tony Kemp,HOU,2B,29,97,255,37,67,15,0,6,30,9,3,32,44,3,1,3,.263,.351,.392,.743
Elias Diaz,PIT,C,30,82,252,33,72,12,0,10,34,0,1,21,40,0,3,1,.286,.339,.452,.791
Christian Vazquez,BOS,C,30,80,251,24,52,10,0,3,16,4,1,13,41,1,0,4,.207,.257,.283,.540
Cameron Maybin,MIA,OF,33,99,251,20,63,12,1,3,20,8,5,32,55,0,2,2,.251,.338,.343,.681
Tyler Flowers,ATL,C,34,82,251,34,57,9,0,8,30,0,0,35,76,0,1,9,.227,.341,.359,.700
Melky Cabrera,CLE,OF,36,78,250,28,70,17,0,6,39,1,1,20,38,0,5,3,.280,.335,.420,.755
David Dahl,COL,OF,26,77,249,31,68,11,3,16,48,5,3,19,68,0,2,1,.273,.325,.534,.859
Matt Adams,WAS,DH,32,94,249,37,64,9,0,18,48,0,0,24,55,0,0,4,.257,.332,.510,.842
Lourdes Gurriel,TOR,OF,27,65,249,30,70,8,0,11,35,1,2,9,59,1,2,2,.281,.309,.446,.755
Eric Thames,MIL,1B,34,96,247,41,54,10,3,16,37,7,0,29,97,0,0,2,.219,.306,.478,.784
Jose Bautista,NYM,3B,40,83,245,37,50,13,0,9,37,2,2,51,84,0,1,5,.204,.351,.367,.718
Aaron Altherr,PHI,OF,29,105,243,28,44,11,1,8,38,3,2,36,91,0,2,4,.181,.295,.333,.628
Austin Romine,NYY,C,32,77,242,30,59,12,0,10,42,1,0,17,67,1,3,2,.244,.295,.417,.712
David Freese,PIT,3B,37,94,241,29,68,10,1,9,42,0,0,18,56,0,3,3,.282,.336,.444,.780
Steven Souza,ARI,OF,31,72,241,21,53,15,3,5,29,6,1,28,75,0,0,3,.220,.309,.369,.678
Jon Jay,KC,OF,35,59,238,28,73,9,2,1,18,3,2,19,39,4,2,3,.307,.363,.374,.737
Kevin Plawecki,NYM,C,29,79,238,33,50,13,2,7,30,0,1,28,65,1,1,9,.210,.315,.370,.685
Jorge Bonifacio,KC,OF,27,69,236,31,53,16,2,4,23,0,1,29,71,1,2,2,.225,.312,.360,.672
Matt Wieters,WAS,C,34,76,235,24,56,8,0,8,30,0,1,30,45,1,2,3,.238,.330,.374,.704
Hunter Pence,SF,OF,37,97,235,19,53,11,1,4,24,5,1,11,59,0,2,0,.226,.258,.332,.590
Pablo Sandoval,SF,1B,34,92,230,22,57,10,1,9,40,0,0,19,52,0,1,2,.248,.310,.417,.727
Jose Reyes,NYM,SS,37,110,228,30,43,12,3,4,16,5,2,22,39,1,0,0,.189,.260,.320,.580
Jeff McNeil,NYM,2B,28,63,225,35,74,11,6,3,19,7,1,14,24,4,0,5,.329,.381,.471,.852
Zack Cozart,LAA,3B,35,58,224,29,49,13,2,5,18,0,0,19,42,0,3,7,.219,.296,.362,.658
Jorge Soler,KC,OF,28,61,223,27,59,18,0,9,28,3,1,28,69,0,2,4,.265,.354,.466,.820
Mikie Mahtook,DET,OF,31,67,223,24,45,4,2,9,29,4,1,21,66,0,3,3,.202,.276,.359,.635
Max Stassi,HOU,C,29,88,221,28,50,13,0,8,27,0,0,23,74,0,0,6,.226,.316,.394,.710
Phillip Ervin,CIN,OF,28,78,218,27,55,10,1,7,31,6,1,20,60,0,4,5,.252,.324,.404,.728
Adeiny Hechavarria,TB,2B,31,61,217,29,56,7,0,3,26,1,0,12,37,2,6,0,.258,.289,.332,.621
Dixon Machado,DET,SS,28,67,214,20,44,13,1,1,21,1,1,14,41,1,1,3,.206,.263,.290,.553
Jake Marisnick,HOU,OF,29,103,213,34,45,8,1,10,28,6,2,15,84,1,1,4,.211,.275,.399,.674
Joey Rickard,BAL,OF,29,79,213,27,52,10,1,8,23,4,2,15,55,0,0,2,.244,.300,.413,.713
Victor Reyes,DET,OF,26,100,212,35,47,5,3,1,12,9,1,5,46,1,1,0,.222,.239,.288,.527
Domingo Santana,MIL,OF,28,85,211,21,56,14,1,5,20,1,1,20,77,0,3,1,.265,.328,.412,.740
Tyler White,HOU,1B,30,66,210,27,58,12,3,12,42,0,1,24,49,0,1,2,.276,.354,.533,.887
Jonathan Villar,BAL,2B,29,54,209,28,54,4,0,8,24,21,3,22,58,1,1,3,.258,.336,.392,.728
John Ryan Murphy,ARI,C,29,87,208,19,42,9,0,9,24,0,0,11,71,2,1,1,.202,.244,.375,.619
Matt Joyce,OAK,OF,36,83,207,34,43,9,0,7,15,0,2,35,53,1,2,1,.208,.322,.353,.675
Jake Lamb,ARI,3B,30,56,207,34,46,8,0,6,31,1,2,26,65,0,4,1,.222,.307,.348,.655
Mark Reynolds,WAS,1B,37,86,206,26,51,8,0,13,40,0,0,24,64,0,3,2,.248,.328,.476,.804
Jarrod Dyson,ARI,OF,36,67,206,29,39,4,2,2,12,16,3,27,34,3,1,0,.189,.282,.257,.539
Erik Kratz,MIL,C,40,67,203,18,48,6,0,6,23,1,0,6,40,1,2,7,.236,.280,.355,.635
Devin Mesoraco,NYM,C,32,66,203,23,45,8,0,10,30,0,0,23,42,0,1,2,.222,.306,.409,.715
Luke Maile,TOR,C,29,68,202,22,50,13,1,3,27,2,0,25,67,0,2,2,.248,.333,.366,.699
Jace Peterson,BAL,OF,30,93,200,21,39,13,2,3,28,13,2,30,55,1,1,3,.195,.308,.325,.633
Renato Nunez,BAL,1B,26,60,200,26,55,13,0,7,20,0,0,16,50,0,1,3,.275,.336,.445,.781
Austin Barnes,LAD,C,30,100,200,32,41,5,0,4,14,4,3,31,67,1,0,6,.205,.329,.290,.619
Austin Slater,SF,OF,27,74,199,21,50,6,1,1,23,7,0,20,69,0,1,5,.251,.333,.307,.640
Eduardo Escobar,ARI,3B,31,54,198,30,53,11,0,8,21,1,1,18,35,0,5,2,.268,.327,.444,.771
Austin Jackson,NYM,OF,33,57,198,17,49,9,1,3,19,1,2,12,74,0,0,0,.247,.290,.348,.638
Martin Prado,MIA,3B,37,54,197,16,48,9,0,1,18,1,1,11,35,0,0,1,.244,.287,.305,.592
Rajai Davis,CLE,OF,40,101,196,33,44,6,1,1,6,21,7,11,48,4,1,4,.224,.278,.281,.559
Jeff Mathis,ARI,C,37,69,195,15,39,9,1,1,20,0,0,20,66,1,2,0,.200,.272,.272,.544
Mike Moustakas,MIL,2B,32,54,195,20,50,12,0,8,33,1,1,19,40,0,2,2,.256,.326,.441,.767
Brandon Guyer,CLE,OF,34,104,194,25,40,11,0,7,27,1,1,15,48,1,0,11,.206,.300,.371,.671
Jefry Marte,LAA,1B,29,90,194,28,42,7,1,7,22,1,1,13,41,0,0,2,.216,.273,.371,.644
Alex Avila,ARI,C,33,80,194,13,32,6,0,7,20,0,0,37,90,0,2,1,.165,.299,.304,.603
Logan Forsythe,LAD,3B,33,70,193,18,40,10,0,2,13,2,0,17,43,0,1,0,.207,.270,.290,.560
Blake Swihart,BOS,OF,28,82,192,28,44,10,0,3,18,6,1,15,57,0,0,0,.229,.285,.328,.613
Dustin Fowler,OAK,OF,25,69,192,19,43,3,2,6,23,6,4,8,47,0,2,1,.224,.256,.354,.610
Ronny Rodriguez,DET,2B,28,62,191,17,42,7,0,5,20,2,0,10,42,3,2,0,.220,.256,.335,.591
Daniel Murphy,WAS,1B,35,56,190,17,57,9,0,6,29,1,0,13,17,0,2,0,.300,.341,.442,.783
Pedro Severino,WAS,C,27,70,190,14,32,9,0,2,15,1,0,18,47,0,1,4,.168,.254,.247,.501
Brian McCann,HOU,C,36,63,189,22,40,3,0,7,23,0,1,19,40,0,2,6,.212,.301,.339,.640
Gregor Blanco,SF,OF,36,68,189,19,41,7,3,2,12,6,2,12,58,1,1,0,.217,.262,.317,.579
Carlos Asuaje,SD,2B,29,79,189,15,37,8,1,2,19,1,1,24,46,1,3,1,.196,.286,.280,.566
Andrew Knapp,PHI,C,29,84,187,19,37,6,2,4,15,1,0,24,75,1,1,2,.198,.294,.316,.610
David Bote,CHC,2B,27,74,184,23,44,9,2,6,33,3,4,19,60,0,3,4,.239,.319,.408,.727
Jesus Sucre,TB,C,32,73,182,9,38,5,0,1,17,1,0,9,29,4,2,1,.209,.247,.253,.500
Tony Wolters,COL,C,28,74,182,19,31,4,4,3,27,2,0,26,33,0,2,6,.170,.292,.286,.578
Ryan McMahon,COL,2B,25,91,181,17,42,9,1,5,19,1,0,18,64,0,1,2,.232,.307,.376,.683
Victor Caratini,CHC,C,27,76,181,21,42,7,0,2,21,0,0,12,42,2,1,4,.232,.293,.304,.597
Greg Garcia,STL,2B,31,114,181,15,40,6,0,3,15,3,1,20,37,1,2,4,.221,.309,.304,.613
Roberto Perez,CLE,C,31,62,179,16,30,9,1,2,19,1,0,21,70,7,2,1,.168,.256,.263,.519
Logan Forsythe,MIN,3B,33,50,178,19,46,6,0,0,14,1,0,24,40,0,0,3,.258,.356,.292,.648
Hanley Ramirez,BOS,DH,36,44,177,25,45,7,0,6,29,4,1,14,35,0,2,2,.254,.313,.395,.708
Jim Adduci,DET,OF,35,59,176,19,47,8,2,3,21,1,0,6,45,2,1,0,.267,.290,.386,.676
Tyler Naquin,CLE,OF,29,61,174,22,46,7,0,3,23,1,1,6,42,0,1,2,.264,.295,.356,.651
Kevan Smith,CWS,C,32,52,171,21,50,6,0,3,21,1,0,10,18,0,1,5,.292,.348,.380,.728
Asdrubal Cabrera,PHI,3B,35,49,171,20,39,13,0,5,17,0,0,12,38,0,0,2,.228,.286,.392,.678
Welington Castillo,CWS,C,33,49,170,17,44,7,0,6,15,1,0,9,46,0,0,2,.259,.304,.406,.710
Cedric Mullins,BAL,OF,26,45,170,23,40,9,0,4,11,2,3,17,37,2,0,2,.235,.312,.359,.671
Johnny Field,TB,OF,28,63,169,20,36,9,0,6,14,4,0,7,58,1,0,2,.213,.253,.373,.626
Adrian Gonzalez,NYM,1B,38,54,169,15,40,5,0,6,26,0,0,15,34,0,2,1,.237,.299,.373,.672
Tommy La Stella,CHC,2B,31,123,169,23,45,8,0,1,19,0,1,17,27,0,0,2,.266,.340,.331,.671
Chase Utley,LAD,2B,41,87,164,18,35,10,1,1,14,3,1,17,34,0,1,5,.213,.305,.305,.610
Ryan Flaherty,ATL,3B,34,81,161,17,35,6,0,2,13,4,2,18,41,1,1,1,.217,.298,.292,.590
Ji-Man Choi,TB,1B,29,49,160,21,43,12,1,8,27,2,0,24,41,0,2,3,.269,.370,.506,.876
Chance Sisco,BAL,C,25,63,160,13,29,8,0,2,16,1,0,13,66,0,0,11,.181,.288,.269,.557
Brad Miller,TB,3B,31,48,156,16,40,10,1,5,21,0,0,16,51,0,2,0,.256,.322,.429,.751
Craig Gentry,BAL,OF,37,68,156,13,42,5,2,1,11,12,3,11,31,1,0,1,.269,.321,.346,.667
Ramon Laureano,OAK,OF,26,48,156,27,45,12,1,5,19,7,1,16,50,0,2,2,.288,.358,.474,.832
Austin Meadows,PIT,OF,25,49,154,16,45,8,2,5,13,4,1,8,35,0,2,1,.292,.327,.468,.795
Howie Kendrick,WAS,DH,37,40,152,17,46,14,0,4,12,1,1,5,29,0,1,2,.303,.331,.474,.805
Nick Martini,OAK,OF,30,55,152,26,45,9,3,1,19,0,0,21,36,0,1,5,.296,.397,.414,.811
A.J. Ellis,SD,C,39,66,151,19,41,8,0,1,15,0,0,26,37,3,2,1,.272,.378,.344,.722
Bryan Holaday,MIA,C,33,61,151,7,31,5,0,1,16,0,0,10,29,1,2,2,.205,.261,.258,.519
Sean Rodriguez,PIT,3B,35,66,150,21,25,5,1,5,19,1,0,22,60,0,0,1,.167,.277,.313,.590
Drew Butera,KC,C,37,52,149,11,28,9,0,2,18,0,0,13,37,0,2,2,.188,.259,.289,.548
Austin Jackson,SF,OF,33,59,149,12,36,8,0,0,13,2,1,14,59,0,1,1,.242,.309,.295,.604
Ryan O'Hearn,KC,1B,27,44,149,23,39,10,2,12,30,0,0,20,45,0,0,1,.262,.353,.597,.950
Magneuris Sierra,MIA,OF,24,54,147,10,28,3,0,0,7,3,2,6,39,3,0,0,.190,.222,.211,.433
Noel Cuevas,COL,OF,29,75,146,16,34,4,1,2,10,1,0,6,24,0,0,1,.233,.268,.315,.583
Dominic Smith,NYM,1B,25,56,143,14,32,11,1,5,11,0,0,4,47,0,0,2,.224,.255,.420,.675
Denard Span,TB,OF,36,43,143,27,34,7,1,4,28,6,2,28,24,0,1,1,.238,.364,.385,.749
Brian Dozier,LAD,2B,33,47,143,16,26,9,0,5,20,4,0,24,33,0,2,1,.182,.300,.350,.650
Tommy Pham,TB,OF,32,39,143,35,49,7,6,7,22,5,1,25,43,0,2,4,.343,.448,.622,1.070
Yoenis Cespedes,NYM,OF,35,38,141,20,37,6,0,9,29,3,0,13,50,0,2,1,.262,.325,.496,.821
Steven Duggar,SF,OF,27,41,141,20,36,11,1,2,17,5,1,10,44,0,1,0,.255,.303,.390,.693
Kelby Tomlinson,SF,2B,30,63,140,9,29,4,2,0,10,0,2,9,35,1,0,2,.207,.265,.264,.529
Curt Casali,CIN,C,32,52,140,15,41,10,0,4,16,0,2,12,32,1,1,2,.293,.355,.450,.805
Ryan Rua,TEX,OF,30,61,139,17,27,3,1,6,12,3,1,5,53,2,1,0,.194,.221,.360,.581
Franchy Cordero,SD,OF,26,40,139,19,33,5,1,7,19,5,2,14,55,1,0,0,.237,.307,.439,.746
Yadiel Rivera,MIA,SS,28,111,139,13,24,3,0,1,9,2,1,19,51,0,2,0,.173,.269,.216,.485
Daniel Murphy,CHC,1B,35,35,138,23,41,6,0,6,13,2,0,7,23,0,1,0,.297,.329,.471,.800
Josh Donaldson,TOR,3B,34,36,137,22,32,11,0,5,16,2,0,21,44,0,1,0,.234,.333,.423,.756
Steve Pearce,BOS,1B,37,50,136,19,38,8,1,7,26,0,0,22,27,0,2,5,.279,.394,.507,.901
Erik Gonzalez,CLE,SS,29,81,136,17,36,10,1,1,16,3,0,5,34,0,0,2,.265,.301,.375,.676
Bobby Wilson,MIN,C,37,47,135,12,24,8,0,2,16,0,0,12,37,2,2,0,.178,.242,.281,.523
Taylor Ward,LAA,OF,26,40,135,14,24,3,0,6,15,2,0,9,45,0,0,3,.178,.245,.333,.578
Miguel Cabrera,DET,DH,37,38,134,17,40,11,0,3,22,0,0,22,27,0,1,0,.299,.395,.448,.843
Abraham Almonte,KC,OF,31,50,134,15,24,1,2,3,9,2,2,15,36,1,1,0,.179,.260,.284,.544
Rafael Ortega,MIA,OF,29,41,133,10,31,3,1,0,7,5,2,10,23,0,0,0,.233,.287,.271,.558
Francisco Pena,STL,C,31,58,133,10,27,3,0,2,8,1,0,6,43,0,2,1,.203,.239,.271,.510
Ian Kinsler,BOS,2B,38,37,132,17,32,6,0,1,16,7,3,10,24,0,1,0,.242,.294,.311,.605
Luke Voit,NYY,1B,29,39,132,28,44,5,0,14,33,0,0,15,39,0,0,1,.333,.405,.689,1.094
Roman Quinn,PHI,OF,27,50,131,13,34,6,4,2,12,10,4,10,35,1,0,1,.260,.317,.412,.729
Tyler O'Neill,STL,OF,25,61,130,29,33,5,0,9,23,2,0,7,57,0,2,3,.254,.303,.500,.803
J.B. Shuck,MIA,OF,33,70,130,10,25,3,1,0,4,2,2,10,22,1,0,1,.192,.255,.231,.486
Preston Tucker,ATL,OF,30,80,129,15,31,10,0,4,22,0,0,9,34,0,1,3,.240,.303,.411,.714
Brandon Lowe,TB,2B,26,43,129,16,30,6,2,6,25,2,1,16,38,0,1,2,.233,.324,.450,.774
Alex Blandino,CIN,2B,28,69,128,14,30,4,0,1,8,0,0,13,41,2,0,4,.234,.324,.289,.613
Spencer Kieboom,WAS,C,29,52,125,16,29,5,0,2,13,0,0,16,28,0,1,1,.232,.322,.320,.642
Jonathan Schoop,MIL,2B,29,46,124,16,25,4,0,4,21,1,0,7,41,0,2,1,.202,.246,.331,.577
Tyler Austin,MIN,1B,29,35,123,18,29,4,0,9,24,0,1,11,42,0,2,0,.236,.294,.488,.782
Mason Williams,CIN,OF,29,51,123,10,36,5,1,2,6,1,2,7,29,2,0,0,.293,.331,.398,.729
Pat Valaika,COL,2B,28,68,122,8,19,5,0,2,5,0,0,9,30,2,0,0,.156,.214,.246,.460
Tyler Austin,NYY,1B,29,34,121,16,27,6,0,8,23,1,1,8,53,0,1,2,.223,.280,.471,.751
Trayce Thompson,CWS,OF,29,48,121,14,14,3,0,3,9,3,1,7,46,1,1,0,.116,.163,.215,.378
Carlos Tocci,TEX,OF,25,66,120,11,27,3,2,0,5,0,3,7,39,6,1,1,.225,.271,.283,.554
Andrew Romine,SEA,SS,34,75,119,15,25,2,1,0,2,1,0,7,39,4,0,1,.210,.260,.244,.504
Tyler Saladino,MIL,SS,31,52,118,11,29,3,0,5,16,2,2,9,38,1,1,1,.246,.302,.398,.700
Brandon Dixon,CIN,1B,28,74,118,14,21,6,0,5,10,0,0,6,43,0,0,0,.178,.218,.356,.574
J.P. Crawford,PHI,SS,25,49,117,17,25,6,3,3,12,2,0,13,37,2,0,5,.214,.319,.393,.712
Jose Briceno,LAA,C,28,46,117,12,28,2,0,5,10,0,1,8,35,1,0,2,.239,.299,.385,.684
Jose Miguel Fernandez,LAA,1B,32,36,116,9,31,8,0,2,11,1,0,6,15,0,0,1,.267,.309,.388,.697
Billy McKinney,TOR,OF,26,36,115,14,29,7,0,6,13,1,0,11,32,0,1,1,.252,.320,.470,.790
Ryan Goins,KC,3B,32,41,115,10,26,8,1,0,6,0,0,4,29,1,0,0,.226,.252,.313,.565
Chris Young,LAA,OF,37,56,113,17,19,2,1,6,13,2,0,11,37,1,1,2,.168,.252,.363,.615
Austin Dean,MIA,OF,27,34,113,16,25,4,0,4,14,1,0,7,22,0,0,2,.221,.279,.363,.642
Brett Phillips,KC,OF,26,36,112,13,21,4,2,2,7,1,1,9,50,0,1,1,.188,.252,.313,.565
Kaleb Cowart,LAA,3B,28,47,112,7,15,7,1,1,10,1,0,10,44,0,1,1,.134,.210,.241,.451
Pedro Alvarez,BAL,DH,33,45,111,18,20,2,0,8,18,0,0,16,36,0,0,0,.180,.283,.414,.697
Austin Wynns,BAL,C,29,42,110,16,28,2,0,4,11,0,0,5,25,3,0,0,.255,.287,.382,.669
Yandy Diaz,CLE,3B,29,39,109,15,34,5,2,1,15,0,0,11,19,0,0,0,.312,.375,.422,.797
Drew Robinson,TEX,OF,28,47,109,20,20,3,0,3,9,2,1,16,57,0,0,0,.183,.288,.294,.582
Eric Young Jr.,LAA,OF,35,41,109,12,22,4,2,1,8,5,1,6,28,0,1,1,.202,.248,.303,.551
Martin Maldonado,HOU,C,34,41,108,15,25,4,1,4,12,0,0,3,25,1,1,1,.231,.257,.398,.655
Charlie Tilson,CWS,OF,28,41,106,7,28,1,1,0,11,2,3,10,20,2,1,1,.264,.331,.292,.623
Bradley Zimmer,CLE,OF,28,34,106,14,24,5,0,2,9,4,1,7,44,0,0,1,.226,.281,.330,.611
Jose Osuna,PIT,1B,27,51,106,14,24,9,0,3,11,0,0,3,22,0,1,1,.226,.252,.396,.648
J.D. Davis,HOU,3B,27,42,103,9,18,2,0,1,5,0,0,10,29,0,0,0,.175,.248,.223,.471
Cheslor Cuthbert,KC,1B,28,30,103,11,20,2,0,3,7,0,1,11,23,0,1,2,.194,.282,.301,.583
Francisco Arcia,LAA,C,31,41,103,10,21,5,0,6,23,1,0,1,27,0,0,2,.204,.226,.427,.653
Raffy Lopez,SD,C,33,37,102,11,18,2,0,3,13,1,0,13,43,0,2,0,.176,.265,.284,.549
Anthony Santander,BAL,OF,26,33,101,8,20,5,1,1,6,1,0,6,21,0,0,1,.198,.250,.297,.547
Corey Seager,LAD,SS,26,26,101,13,27,5,1,2,13,0,0,11,17,0,1,2,.267,.348,.396,.744
Ronald Torreyes,NYY,SS,28,41,100,9,28,7,1,0,7,0,0,2,16,0,0,0,.280,.294,.370,.664
Jose Rondon,CWS,2B,26,42,100,15,23,6,0,6,14,2,1,7,30,0,0,0,.230,.280,.470,.750
Ryan LaMarre,MIN,OF,32,43,99,7,26,5,0,0,8,1,1,8,33,0,1,1,.263,.321,.313,.634
Richard Urena,TOR,SS,24,40,99,10,29,4,0,1,6,2,1,7,32,2,0,0,.293,.340,.364,.704
Willie Calhoun,TEX,OF,26,35,99,8,22,5,0,2,11,0,0,6,24,0,2,1,.222,.269,.333,.602
Eric Sogard,MIL,2B,34,55,97,7,13,3,0,0,2,3,0,12,23,1,1,2,.134,.241,.165,.406
Grayson Greiner,DET,C,28,30,96,9,21,6,0,0,12,0,1,17,32,0,3,0,.219,.328,.281,.609
Mac Williamson,SF,OF,30,28,94,14,20,4,0,4,11,1,1,11,27,0,0,0,.213,.295,.383,.678
Dawel Lugo,DET,3B,25,27,94,10,20,4,1,1,8,0,0,7,20,0,0,0,.213,.267,.309,.576
Brian Goodwin,KC,OF,30,27,94,11,25,5,0,3,13,1,1,6,31,0,0,1,.266,.317,.415,.732
David Freitas,SEA,C,31,36,93,9,20,6,0,1,5,0,0,8,25,1,0,0,.215,.277,.312,.589
Tom Murphy,COL,C,29,37,93,5,21,7,1,2,11,0,1,3,44,0,0,0,.226,.250,.387,.637
Josh Phegley,OAK,C,32,39,93,13,19,7,0,2,15,0,0,6,27,0,2,1,.204,.255,.344,.599
Chase d'Arnaud,SF,2B,33,42,93,9,20,5,0,3,9,2,1,4,37,1,1,1,.215,.253,.366,.619
Willians Astudillo,MIN,C,29,30,93,9,33,4,1,3,21,0,0,2,3,0,1,1,.355,.371,.516,.887
Jordan Luplow,PIT,OF,27,37,92,16,17,1,3,3,7,2,2,10,18,0,0,1,.185,.272,.359,.631
Cameron Maybin,SEA,OF,33,30,91,12,22,2,1,1,8,2,0,6,20,0,0,0,.242,.289,.319,.608
Kevin Newman,PIT,2B,27,31,91,7,19,2,0,0,6,0,1,4,23,0,1,1,.209,.247,.231,.478
Paulo Orlando,KC,OF,35,25,90,6,15,3,0,0,5,0,0,3,25,0,0,0,.167,.194,.200,.394
Byron Buxton,MIN,OF,26,28,90,8,14,4,0,0,4,5,0,3,28,1,0,0,.156,.183,.200,.383
Wilson Ramos,PHI,C,33,33,89,9,30,8,1,1,17,0,0,10,19,0,2,0,.337,.396,.483,.879
Andrew McCutchen,NYY,OF,34,25,87,18,22,2,1,5,10,1,3,22,22,0,1,4,.253,.421,.471,.892
Daniel Vogelbach,SEA,DH,27,37,87,9,18,2,0,4,13,0,0,13,26,0,0,2,.207,.324,.368,.692
Dilson Herrera,CIN,2B,26,53,87,11,16,5,0,5,11,0,0,8,39,0,0,2,.184,.268,.414,.682
Rob Refsnyder,TB,DH,29,40,84,10,14,3,0,2,5,0,2,18,26,0,0,0,.167,.314,.274,.588
Lonnie Chisenhall,CLE,OF,32,29,84,11,27,6,1,1,9,1,0,8,12,1,0,2,.321,.394,.452,.846
Tomas Nido,NYM,C,26,34,84,10,14,3,0,1,9,0,0,4,27,0,2,0,.167,.200,.238,.438
Rene Rivera,LAA,C,37,30,82,8,20,4,0,4,11,0,0,4,32,0,0,1,.244,.287,.439,.726
Danny Jansen,TOR,C,25,31,81,12,20,6,0,3,8,0,0,9,17,0,1,4,.247,.347,.432,.779
Steve Pearce,TOR,1B,37,26,79,16,23,6,0,4,16,0,0,7,14,0,0,0,.291,.349,.519,.868
Jesmuel Valentin,PHI,3B,26,46,79,8,14,5,1,1,6,0,0,8,24,0,1,1,.177,.258,.304,.562
Derek Fisher,HOU,OF,27,42,79,13,13,2,2,4,11,2,0,5,42,0,2,0,.165,.209,.392,.601
Deven Marrero,ARI,SS,30,49,78,11,13,1,1,0,7,3,0,6,23,0,1,0,.167,.224,.205,.429
Keon Broxton,MIL,OF,30,51,78,15,14,2,2,4,11,5,1,11,28,0,0,0,.179,.281,.410,.691
Alex Verdugo,LAD,OF,24,37,77,11,20,6,0,1,4,0,0,8,14,1,0,0,.260,.329,.377,.706
Chris Herrmann,SEA,C,33,36,76,6,18,4,2,2,7,0,0,10,24,0,1,0,.237,.322,.421,.743
Matt Szczur,SD,OF,31,57,75,11,14,3,0,1,6,3,0,8,24,1,0,0,.187,.265,.267,.532
Andrew Stevenson,WAS,OF,26,57,75,9,19,2,0,1,13,1,1,6,23,1,3,1,.253,.306,.320,.626
Brad Miller,MIL,3B,31,27,74,5,17,3,1,2,8,0,0,6,31,0,0,0,.230,.288,.378,.666
Michael Perez,TB,C,28,24,74,9,21,5,0,1,11,0,0,3,19,1,2,0,.284,.304,.392,.696
Franklin Barreto,OAK,2B,24,32,73,10,17,4,0,5,16,0,0,1,29,0,0,1,.233,.253,.493,.746
Kyle Higashioka,NYY,C,30,29,72,6,12,2,0,3,6,0,0,6,16,0,0,1,.167,.241,.319,.560
Pedro Florimon,PHI,SS,33,50,71,13,16,6,1,2,5,1,2,5,30,0,0,0,.225,.276,.423,.699
Rowdy Tellez,TOR,1B,25,23,70,10,22,9,0,4,14,0,0,2,21,0,1,0,.314,.329,.614,.943
Pete Kozma,DET,SS,32,27,69,7,15,4,1,1,8,0,1,2,15,1,1,0,.217,.236,.348,.584
Kyle Farmer,LAD,2B,30,39,68,1,16,4,1,0,9,0,0,5,15,0,1,3,.235,.312,.324,.636
Luis Guillorme,NYM,2B,26,35,67,4,14,2,0,0,5,1,0,7,3,0,0,0,.209,.284,.239,.523
Tyler Wade,NYY,2B,26,36,66,8,11,4,0,1,5,1,0,4,23,0,0,0,.167,.214,.273,.487
Ryan LaMarre,CWS,OF,32,33,66,8,20,6,0,2,10,1,1,2,20,0,2,1,.303,.324,.485,.809
Peter O'Brien,MIA,OF,30,22,66,8,18,5,0,4,10,0,0,7,22,0,1,0,.273,.338,.530,.868
Brian Goodwin,WAS,OF,30,48,65,9,13,1,0,3,12,3,1,10,26,1,1,2,.200,.321,.354,.675
Dwight Smith,TOR,OF,28,35,65,9,17,8,0,2,8,0,0,7,13,0,1,2,.262,.347,.477,.824
Tzu-Wei Lin,BOS,SS,26,37,65,15,16,6,1,1,6,0,1,8,17,0,0,0,.246,.329,.415,.744
Jett Bandy,MIL,C,30,24,64,5,12,2,0,1,1,0,0,3,23,0,0,4,.188,.268,.266,.534
Isaac Galloway,MIA,OF,31,43,64,7,13,3,0,3,7,1,1,9,21,1,0,0,.203,.301,.391,.692
Kyle Tucker,HOU,OF,23,28,64,10,9,2,1,0,4,1,1,6,13,0,0,2,.141,.236,.203,.439
Jason Castro,MIN,C,33,19,63,4,9,3,0,1,3,0,0,9,26,0,1,1,.143,.257,.238,.495
Aramis Garcia,SF,C,27,19,63,8,18,1,0,4,9,0,0,2,31,0,0,0,.286,.308,.492,.800
Cam Gallagher,KC,C,28,22,63,5,13,3,0,1,7,0,0,3,15,1,1,1,.206,.250,.302,.552
Gregorio Petit,MIN,2B,35,26,61,7,15,2,0,0,3,3,1,6,14,0,0,0,.246,.313,.279,.592
Christin Stewart,DET,OF,26,17,60,7,16,1,1,2,10,0,0,10,13,0,1,1,.267,.375,.417,.792
Max Moroff,PIT,2B,27,26,59,7,11,1,0,3,9,0,0,7,24,0,0,1,.186,.284,.356,.640
Victor Robles,WAS,OF,23,21,59,8,17,3,1,3,10,3,2,4,12,0,1,2,.288,.348,.525,.873
Juan Lagares,NYM,OF,31,30,59,9,20,1,1,0,6,3,1,3,9,0,1,1,.339,.375,.390,.765
Adrian Sanchez,WAS,3B,30,28,58,8,16,2,1,0,3,0,0,1,8,0,0,0,.276,.288,.345,.633
Pablo Reyes,PIT,OF,27,18,58,9,17,2,0,3,7,0,1,5,11,0,0,0,.293,.349,.483,.832
Michael Hermosillo,LAA,OF,25,31,57,7,12,4,0,1,1,0,1,3,17,0,0,2,.211,.274,.333,.607
Matt Adams,STL,DH,32,27,57,5,9,1,0,3,9,0,0,3,18,0,0,0,.158,.200,.333,.533
John Andreoli,BAL,OF,30,23,56,4,13,2,0,0,4,2,0,4,17,0,1,0,.232,.279,.268,.547
Bruce Maxwell,OAK,C,29,18,55,5,10,4,0,1,6,0,0,2,13,0,1,0,.182,.207,.309,.516
Moises Sierra,WAS,OF,32,27,54,4,9,2,0,0,4,1,1,2,20,0,2,2,.167,.217,.204,.421
Chris Shaw,SF,1B,26,22,54,2,10,2,0,1,7,1,0,7,23,0,1,0,.185,.274,.278,.552
Francisco Mejia,SD,C,25,20,54,6,10,2,0,3,8,0,0,3,19,0,0,1,.185,.241,.389,.630
Matt Holliday,COL,OF,40,25,53,3,15,2,0,2,3,0,0,12,18,0,0,0,.283,.415,.434,.849
Adam Duvall,ATL,OF,32,33,53,8,7,1,0,0,0,0,0,3,17,0,0,1,.132,.193,.151,.344
Christian Arroyo,TB,3B,25,20,53,5,14,2,1,1,6,0,0,6,16,0,0,0,.264,.339,.396,.735
Chase Headley,SD,3B,36,27,52,2,6,1,0,0,4,0,0,6,20,0,0,2,.115,.233,.135,.368
Johnny Field,MIN,OF,28,21,52,8,13,4,0,3,7,0,0,0,14,0,1,1,.250,.259,.500,.759
Brandon Drury,NYY,3B,28,18,51,2,9,2,0,1,7,0,0,5,12,0,0,1,.176,.263,.275,.538
Patrick Wisdom,STL,1B,29,32,50,11,13,1,0,4,10,2,1,6,19,0,0,2,.260,.362,.520,.882
Josh Donaldson,CLE,3B,34,16,50,8,14,3,0,3,7,0,0,10,10,0,0,0,.280,.400,.520,.920
Jose Lobaton,NYM,C,36,22,49,3,7,2,1,0,4,0,0,7,15,0,1,0,.143,.246,.224,.470
Shane Robinson,NYY,OF,36,25,49,8,7,1,0,1,2,1,0,4,6,1,0,0,.143,.208,.224,.432
Carlos Perez,TEX,C,30,20,49,1,7,2,0,1,3,1,0,1,15,2,0,1,.143,.176,.245,.421
Justin Bour,PHI,1B,32,29,49,6,11,3,0,1,5,1,0,4,13,0,0,1,.224,.296,.347,.643
Christian Walker,ARI,1B,29,37,49,6,8,2,0,3,6,1,0,3,22,0,0,1,.163,.226,.388,.614
Luis Urias,SD,2B,23,12,48,5,10,1,0,2,5,1,0,3,10,0,1,1,.208,.264,.354,.618
Stevie Wilkerson,BAL,OF,28,16,46,2,8,3,0,0,3,1,0,3,16,0,0,0,.174,.224,.239,.463
Daniel Castro,COL,SS,28,18,46,2,8,1,0,1,6,0,0,1,7,0,0,0,.174,.191,.261,.452
Chad Wallach,MIA,C,29,15,45,4,8,1,0,1,5,0,0,4,23,1,0,2,.178,.275,.267,.542
Jose Bautista,PHI,3B,40,27,45,12,11,4,0,2,6,2,1,11,15,0,0,1,.244,.404,.467,.871
Colby Rasmus,BAL,OF,34,18,45,5,6,1,0,1,1,0,0,3,19,0,0,1,.133,.204,.222,.426
Peter Bourjos,ATL,OF,33,36,44,5,9,2,1,1,4,0,0,2,15,1,0,0,.205,.239,.364,.603
Ichiro Suzuki,SEA,OF,47,15,44,5,9,0,0,0,0,0,0,3,7,0,0,0,.205,.255,.205,.460
Gordon Beckham,SEA,2B,34,22,44,3,8,1,0,0,1,1,0,4,11,2,0,0,.182,.250,.205,.455
Adeiny Hechavarria,PIT,2B,31,15,43,2,10,4,0,1,3,0,0,3,11,0,1,0,.233,.277,.395,.672
Gio Urshela,TOR,3B,29,19,43,7,10,1,0,1,3,0,0,2,10,0,0,1,.233,.283,.326,.609
Mike Gerber,DET,OF,28,18,42,2,4,1,0,0,2,0,0,4,21,0,1,0,.095,.170,.119,.289
Curtis Granderson,MIL,OF,39,19,41,12,9,1,1,2,3,0,0,12,10,0,0,1,.220,.407,.439,.846
Devin Mesoraco,CIN,C,32,18,41,1,9,2,0,1,3,0,0,2,10,0,0,2,.220,.289,.341,.630
Socrates Brito,ARI,OF,28,24,40,3,7,0,0,1,3,0,1,3,9,0,1,0,.175,.227,.250,.477
Garrett Hampson,COL,2B,26,24,40,3,11,3,1,0,4,2,0,7,12,0,0,1,.275,.396,.400,.796
DJ Stewart,BAL,OF,27,17,40,8,10,3,0,3,10,2,1,4,12,0,1,2,.250,.340,.550,.890
Jabari Blash,LAA,OF,31,24,39,4,4,1,0,0,1,2,1,5,24,0,1,0,.103,.200,.128,.328
David Freese,LAD,3B,37,19,39,9,15,2,1,2,9,0,0,6,16,0,0,2,.385,.489,.641,1.130
Jake Smolinski,OAK,OF,31,20,39,2,5,1,1,0,2,1,0,1,10,0,0,1,.128,.171,.205,.376
Dylan Cozens,PHI,OF,26,26,38,2,6,2,0,1,2,1,0,6,24,0,0,0,.158,.273,.289,.562
Nick Ciuffo,TB,C,25,16,37,3,7,1,0,1,5,0,0,3,12,2,1,1,.189,.262,.297,.559
Preston Tucker,CIN,OF,30,17,37,4,7,1,0,2,5,0,0,4,9,0,0,1,.189,.286,.378,.664
Juan Centeno,TEX,C,31,10,37,3,6,1,0,1,3,0,0,1,7,0,0,0,.162,.184,.270,.454
Kevin Kramer,PIT,OF,27,21,37,5,5,0,0,0,4,0,0,2,20,0,1,0,.135,.175,.135,.310
Ryan Cordell,CWS,OF,28,19,37,3,4,1,0,1,4,0,0,0,15,0,2,1,.108,.125,.216,.341
Jacob Stallings,PIT,C,30,14,37,2,8,0,0,0,5,0,0,3,9,0,1,0,.216,.268,.216,.484
Sam Travis,BOS,1B,27,19,36,5,8,3,0,1,7,0,0,2,10,0,0,0,.222,.263,.389,.652
Renato Nunez,TEX,1B,26,13,36,2,6,1,0,1,2,0,0,3,12,0,1,1,.167,.244,.278,.522
Adeiny Hechavarria,NYY,2B,31,18,36,3,7,0,0,2,2,1,0,1,10,0,0,0,.194,.216,.361,.577
Jose Bautista,ATL,3B,40,12,35,3,5,1,0,2,5,0,0,5,12,0,0,0,.143,.250,.343,.593
Breyvic Valera,BAL,2B,28,12,35,4,10,0,1,0,4,1,0,3,9,1,2,0,.286,.325,.343,.668
Carson Kelly,STL,C,26,19,35,1,4,0,0,0,3,0,0,3,7,3,0,1,.114,.205,.114,.319
Clint Frazier,NYY,OF,26,15,34,9,9,3,0,0,1,0,0,5,13,0,0,2,.265,.390,.353,.743
Tim Federowicz,HOU,C,33,10,34,4,7,3,0,0,2,0,0,1,13,0,0,0,.206,.229,.294,.523
Garrett Cooper,MIA,1B,29,14,33,2,7,1,0,0,2,0,0,4,12,0,0,1,.212,.316,.242,.558
Mike Tauchman,COL,OF,30,21,32,5,3,1,0,0,0,1,0,4,15,1,0,0,.094,.194,.125,.319
Reese McGuire,TOR,C,25,14,31,5,9,3,0,2,4,1,0,2,9,0,0,0,.290,.333,.581,.914
Ji-Man Choi,MIL,1B,29,12,30,4,7,2,0,2,5,0,0,2,14,0,0,0,.233,.281,.500,.781
Andrew Toles,LAD,OF,28,17,30,5,7,2,0,0,4,1,0,2,8,0,0,0,.233,.281,.300,.581
Jack Reinheimer,NYM,SS,28,21,30,4,5,0,0,0,0,1,1,5,9,0,0,0,.167,.286,.167,.453
Tomas Telis,MIA,C,29,23,29,2,6,1,0,0,1,0,0,2,8,0,0,0,.207,.258,.241,.499
Cliff Pennington,CIN,2B,36,16,29,1,4,0,0,0,0,0,0,5,13,0,0,0,.138,.265,.138,.403
Chris Gimenez,MIN,C,37,13,29,6,8,1,0,2,6,0,0,3,9,0,1,1,.276,.353,.517,.870
Kris Negron,SEA,OF,34,18,29,6,6,0,0,1,3,2,0,1,9,0,0,0,.207,.233,.310,.543
Breyvic Valera,LAD,2B,28,20,29,4,5,0,0,0,4,0,0,4,4,1,0,0,.172,.273,.172,.445
Danny Santana,ATL,1B,30,15,28,4,5,3,0,0,2,1,1,3,11,0,0,1,.179,.281,.286,.567
Chris Gimenez,CHC,C,37,12,28,1,4,0,0,0,1,1,0,3,7,0,1,0,.143,.219,.143,.362
Ramon Torres,KC,2B,27,9,28,4,5,1,0,0,1,0,0,1,3,0,0,0,.179,.207,.214,.421
Mike Marjama,SEA,C,31,10,27,1,3,3,0,0,0,0,1,2,6,0,0,0,.111,.172,.222,.394
Meibrys Viloria,KC,C,23,10,27,4,7,2,0,0,4,0,0,1,9,1,0,0,.259,.286,.333,.619
Hanser Alberto,TEX,2B,28,13,27,0,5,2,0,0,0,0,1,2,4,1,0,0,.185,.241,.259,.500
Brandon Drury,TOR,3B,28,8,26,3,4,2,0,0,3,0,0,2,8,0,0,1,.154,.241,.231,.472
Tony Cruz,CIN,C,34,9,26,2,4,1,0,1,2,0,0,0,11,0,0,0,.154,.154,.308,.462
Andrew Susac,BAL,C,30,9,26,1,3,1,0,0,0,0,0,0,12,0,0,0,.115,.115,.154,.269
Lane Adams,ATL,OF,31,26,25,10,6,1,0,2,6,1,0,4,8,0,0,0,.240,.345,.520,.865
Raimel Tapia,COL,OF,26,25,25,6,5,2,1,1,6,0,0,2,7,0,0,0,.200,.259,.480,.739
Jonathan Davis,TOR,OF,28,20,25,3,5,1,0,0,0,3,0,1,6,0,0,1,.200,.259,.240,.499
Boog Powell,OAK,OF,27,7,24,3,4,1,1,0,0,1,1,1,6,0,0,0,.167,.200,.292,.492
Austin Meadows,TB,OF,25,10,24,3,6,1,0,1,4,1,0,2,5,0,0,0,.250,.308,.417,.725
Phil Gosselin,CIN,OF,32,20,24,5,3,0,0,1,2,0,0,4,8,0,0,0,.125,.250,.250,.500
Brandon Phillips,BOS,2B,39,9,23,4,3,0,0,1,2,0,0,4,7,0,0,0,.130,.259,.261,.520
Brett Phillips,MIL,OF,26,15,22,2,4,0,1,0,4,0,0,2,11,0,0,0,.182,.250,.273,.523
Carlos Perez,ATL,C,30,8,21,0,3,0,0,0,0,0,0,1,6,0,0,0,.143,.182,.143,.325
Nate Orf,MIL,2B,30,15,21,4,2,0,0,1,1,1,0,3,8,0,0,1,.095,.240,.238,.478
Phillip Evans,NYM,3B,28,15,21,1,3,0,0,0,1,1,0,2,8,0,0,0,.143,.217,.143,.360
Jacob Nottingham,MIL,C,25,9,20,2,4,1,0,0,0,0,0,4,8,0,0,0,.200,.333,.250,.583
Taylor Motter,MIN,SS,31,9,19,0,1,0,0,0,1,1,0,2,3,0,0,0,.053,.143,.053,.196
Ildemaro Vargas,ARI,2B,29,14,19,2,4,0,0,1,4,1,0,1,4,0,0,0,.211,.250,.368,.618
Adam Rosales,CLE,2B,37,13,19,4,4,1,0,1,2,0,0,1,5,1,0,0,.211,.250,.421,.671
Brandon Barnes,CLE,OF,34,19,19,2,5,0,0,1,2,0,0,2,5,0,0,0,.263,.333,.421,.754
Anthony Alford,TOR,OF,26,13,19,3,2,0,0,0,1,1,0,2,9,0,0,0,.105,.190,.105,.295
Gift Ngoepe,TOR,2B,30,13,18,2,1,0,0,0,0,0,0,1,12,0,0,0,.056,.105,.056,.161
Gabriel Guerrero,CIN,OF,26,14,18,1,3,0,0,1,1,0,0,0,8,0,0,0,.167,.167,.333,.500
Adam Moore,TB,C,36,8,18,2,4,1,0,1,2,0,0,1,7,1,0,0,.222,.263,.444,.707
Matt den Dekker,NYM,OF,33,8,18,0,0,0,0,0,1,0,0,2,9,0,1,0,.000,.095,.000,.095
Luis Sardinas,BAL,SS,27,8,18,2,2,0,0,1,1,0,0,2,5,0,0,0,.111,.200,.278,.478
Lucas Duda,ATL,1B,34,20,18,1,4,2,0,1,2,0,0,4,7,0,0,0,.222,.364,.500,.864
Corban Joseph,BAL,2B,32,14,18,1,4,1,0,0,3,0,0,1,5,0,0,0,.222,.263,.278,.541
Mitch Walding,PHI,3B,28,13,17,1,1,0,0,1,2,0,0,2,12,0,0,0,.059,.158,.235,.393
Adolis Garcia,STL,OF,28,21,17,3,2,1,0,0,1,0,0,0,7,0,0,0,.118,.118,.176,.294
Braxton Lee,MIA,OF,27,8,17,0,3,0,0,0,2,0,0,1,8,0,0,0,.176,.222,.176,.398
Eric Haase,CLE,C,27,9,16,0,2,0,0,0,1,0,0,0,6,0,0,1,.125,.176,.125,.301
Miguel Gomez,SF,3B,27,9,15,3,4,0,0,0,1,0,0,0,5,0,0,0,.267,.267,.267,.534
Taylor Motter,SEA,SS,31,8,15,2,4,0,0,1,1,0,0,2,5,0,0,0,.267,.353,.467,.820
Jon Berti,TOR,2B,30,4,15,2,4,1,1,0,2,1,0,0,4,0,0,0,.267,.267,.467,.734
Leonys Martin,CLE,OF,32,6,15,3,5,0,0,2,4,0,1,1,2,0,1,0,.333,.353,.733,1.086
Travis d'Arnaud,NYM,C,31,4,15,1,3,0,0,1,3,0,0,1,5,0,0,0,.200,.250,.400,.650
Chris Stewart,ATL,C,38,5,14,3,3,0,0,0,3,0,0,1,1,0,1,0,.214,.250,.214,.464
Drew Butera,COL,C,37,10,14,2,3,0,0,1,3,0,0,2,2,0,0,0,.214,.313,.429,.742
Christopher Bostick,MIA,OF,27,13,14,0,3,1,0,0,2,0,0,2,6,0,0,0,.214,.313,.286,.599
Blake Trahan,CIN,SS,27,11,14,2,3,0,0,0,0,0,0,0,4,0,0,0,.214,.214,.214,.428
Patrick Kivlehan,ARI,3B,30,9,13,3,3,0,2,0,0,0,0,0,6,0,0,1,.231,.286,.538,.824
Matt Reynolds,WAS,3B,30,12,13,1,2,0,0,0,1,0,0,1,4,0,0,0,.154,.214,.154,.368
Rosell Herrera,CIN,OF,28,11,13,0,2,0,0,0,0,0,1,0,5,0,0,0,.154,.154,.154,.308
Rio Ruiz,ATL,3B,26,14,12,1,1,0,0,0,0,0,0,2,5,0,0,1,.083,.267,.083,.350
Trevor Plouffe,PHI,3B,34,7,12,1,3,0,0,1,3,0,0,0,6,0,0,0,.250,.250,.500,.750
Joe Hudson,LAA,C,29,8,12,0,2,1,0,0,1,0,0,0,0,0,0,0,.167,.167,.250,.417
Abiatal Avelino,SF,SS,25,6,11,1,3,0,0,0,0,0,0,0,3,0,0,0,.273,.273,.273,.546
Tim Locastro,LAD,OF,28,18,11,6,2,1,0,0,0,4,0,2,5,0,0,1,.182,.357,.273,.630
Luke Voit,STL,1B,29,8,11,2,2,0,0,1,3,0,0,2,4,0,0,0,.182,.308,.455,.763
Dustin Pedroia,BOS,2B,37,3,11,1,1,0,0,0,0,0,0,2,1,0,0,0,.091,.231,.091,.322
Miguel Montero,WAS,C,37,4,11,0,0,0,0,0,0,0,0,2,3,0,0,0,.000,.154,.000,.154
Nolan Fontana,LAA,2B,29,8,11,1,1,0,0,1,1,0,0,1,6,0,0,0,.091,.167,.364,.531
Matt Skole,CWS,DH,31,4,11,2,3,0,0,1,1,0,0,2,3,0,0,0,.273,.385,.545,.930
Ty Kelly,NYM,2B,32,9,11,1,1,0,0,0,0,0,0,1,2,0,0,0,.091,.167,.091,.258
Andrew Velazquez,TB,SS,26,13,10,3,3,1,0,0,0,1,0,1,3,0,0,1,.300,.417,.400,.817
Dalton Pompey,TOR,OF,27,5,10,0,2,0,0,0,0,0,0,1,6,0,0,0,.200,.273,.200,.473
Harold Castro,DET,OF,27,6,10,2,3,0,0,0,0,1,0,0,2,0,0,0,.300,.300,.300,.600
Jace Peterson,NYY,OF,30,3,10,0,3,0,0,0,0,0,1,1,3,0,0,0,.300,.364,.300,.664
Sherman Johnson,LAA,2B,30,10,10,0,0,0,0,0,0,0,0,0,4,0,0,1,.000,.091,.000,.091
Alfredo Gonzalez,CWS,C,28,3,9,0,1,0,0,0,1,0,0,0,4,0,0,0,.111,.111,.111,.222
Myles Straw,HOU,OF,26,9,9,4,3,0,0,1,1,2,0,1,0,0,0,0,.333,.400,.667,1.067
Jose Trevino,TEX,C,28,3,8,0,2,0,0,0,3,0,0,0,1,0,0,0,.250,.250,.250,.500
Tyler Saladino,CWS,SS,31,6,8,2,2,1,0,0,0,0,0,0,3,1,0,0,.250,.250,.375,.625
Ryder Jones,SF,1B,26,5,8,2,3,0,0,2,3,0,0,0,5,0,0,0,.375,.375,1.125,1.500
Michael Reed,ATL,OF,28,7,7,1,2,0,0,0,0,0,0,0,3,0,0,0,.286,.286,.286,.572
Jarrod Saltalamacchia,DET,C,35,5,7,0,0,0,0,0,0,0,0,1,4,0,0,0,.000,.125,.000,.125
Trayce Thompson,OAK,OF,29,3,7,1,1,0,0,0,0,0,0,0,4,0,0,0,.143,.143,.143,.286
Juan Graterol,MIN,C,31,3,7,2,1,0,0,0,0,0,0,1,0,0,0,0,.143,.250,.143,.393
Engelb Vielma,BAL,SS,26,6,7,1,1,0,0,0,0,0,0,1,4,0,0,0,.143,.250,.143,.393
Rafael Bautista,WAS,OF,27,9,6,1,0,0,0,0,0,0,0,0,1,0,0,0,.000,.000,.000,.000
Ryan Lavarnway,PIT,C,33,6,6,1,4,1,0,0,1,0,0,0,1,0,0,0,.667,.667,.833,1.500
Tim Federowicz,CIN,C,33,5,6,1,2,1,0,1,2,0,0,1,3,0,0,0,.333,.429,1.000,1.429
Brandon Snyder,TB,3B,34,2,6,0,1,1,0,0,0,0,0,0,2,0,0,0,.167,.167,.333,.500
Jung Ho Kang,PIT,3B,33,3,6,0,2,0,0,0,0,0,0,0,1,0,0,0,.333,.333,.333,.666
Dan Butler,BOS,C,34,2,6,0,1,0,0,0,1,0,0,0,2,0,1,0,.167,.143,.167,.310
Efren Navarro,CHC,1B,34,4,6,0,1,0,0,0,0,0,0,0,4,0,0,0,.167,.167,.167,.334
Beau Taylor,OAK,C,30,7,5,0,1,1,0,0,0,0,0,1,2,0,0,0,.200,.333,.400,.733
Mark Zagunis,CHC,OF,27,5,5,0,2,1,0,0,1,0,0,1,1,0,0,0,.400,.500,.600,1.100
Terrance Gore,CHC,OF,29,14,5,5,1,0,0,0,0,6,0,0,1,0,0,0,.200,.200,.200,.400
John Andreoli,SEA,OF,30,3,5,0,1,0,0,0,0,0,0,1,2,0,0,0,.200,.333,.200,.533
Ryan Schimpf,LAA,3B,32,5,5,2,1,0,0,1,2,0,0,2,3,0,0,0,.200,.429,.800,1.229
Steve Baron,STL,C,30,2,5,0,1,0,0,0,0,0,0,0,2,0,0,0,.200,.200,.200,.400
Taylor Davis,CHC,C,31,5,5,0,2,0,0,0,2,0,0,0,1,0,1,0,.400,.333,.400,.733
Zach Vincej,SEA,SS,29,1,4,0,2,0,0,0,1,0,0,0,1,0,0,0,.500,.500,.500,1.000
Kevin Kaczmarski,NYM,OF,28,4,4,0,0,0,0,0,0,0,1,1,1,0,0,0,.000,.200,.000,.200
Rene Rivera,ATL,C,37,3,4,0,0,0,0,0,0,0,0,0,3,0,0,0,.000,.000,.000,.000
Billy McKinney,NYY,OF,26,2,4,0,1,0,0,0,0,0,0,0,1,0,0,0,.250,.250,.250,.500
AJ Reed,HOU,DH,27,1,3,0,0,0,0,0,0,0,0,0,1,0,0,0,.000,.000,.000,.000
Kris Negron,ARI,OF,34,2,3,0,1,0,0,0,1,0,0,0,0,0,0,0,.333,.333,.333,.666
Francisco Mejia,CLE,C,25,1,2,0,0,0,0,0,0,0,0,2,0,0,0,0,.000,.500,.000,.500
Dustin Garneau,CWS,C,33,1,2,0,1,0,0,0,1,0,0,1,0,0,0,0,.500,.667,.500,1.167
Darnell Sweeney,TOR,OF,29,2,2,0,0,0,0,0,0,0,0,2,0,0,0,0,.000,.500,.000,.500
Dustin Peterson,ATL,OF,26,2,2,0,0,0,0,0,0,0,0,0,1,0,0,0,.000,.000,.000,.000
Christopher Bostick,PIT,OF,27,2,2,0,0,0,0,0,0,0,0,0,1,0,0,0,.000,.000,.000,.000
David Wright,NYM,3B,37,2,2,0,0,0,0,0,0,0,0,1,0,0,0,0,.000,.333,.000,.333
Nick Franklin,MIL,2B,29,1,2,0,0,0,0,0,0,0,0,0,0,0,0,0,.000,.000,.000,.000
Edmundo Sosa,STL,2B,24,3,2,1,0,0,0,0,0,0,0,1,1,0,0,0,.000,.333,.000,.333
Rocky Gale,LAD,C,32,3,2,0,0,0,0,0,0,0,0,0,1,0,0,0,.000,.000,.000,.000
Aristides Aquino,CIN,OF,26,1,1,0,0,0,0,0,0,0,0,0,1,0,0,0,.000,.000,.000,.000
Juan Graterol,LAA,C,31,1,1,0,1,0,0,0,0,0,0,0,0,0,0,0,1.000,1.000,1.000,2.000
Chris Stewart,ARI,C,38,3,1,0,0,0,0,0,0,0,0,0,0,0,0,0,.000,.000,.000,.000
Justin Williams,TB,OF,25,1,1,0,0,0,0,0,0,0,0,0,0,0,0,0,.000,.000,.000,.000
Mike Freeman,CHC,2B,33,1,0,0,0,0,0,0,0,0,0,0,0,1,0,0,.000,.000,.000,.000
